{
  "lang":"en",
  "name":"pipeline",
  "version":"0.0.0",
  "spacy_version":">=3.8.4,<3.9.0",
  "description":"",
  "author":"",
  "email":"",
  "url":"",
  "license":"",
  "spacy_git_version":"85cc763",
  "vectors":{
    "width":0,
    "vectors":0,
    "keys":0,
    "name":null,
    "mode":"default"
  },
  "labels":{
    "tok2vec":[

    ],
    "ner":[
      " DEVELOP",
      "DOMAIN",
      "EDUCATION",
      "EXPERIENCE",
      "LANGUAGE",
      "RESPONSIBILITY",
      "SKILLS",
      "SOFT-SKILLS"
    ]
  },
  "pipeline":[
    "tok2vec",
    "ner"
  ],
  "components":[
    "tok2vec",
    "ner"
  ],
  "disabled":[

  ],
  "performance":{
    "ents_f":0.8130630631,
    "ents_p":0.80864,
    "ents_r":0.8175347784,
    "ents_per_type":{
      "DOMAIN":{
        "p":0.6050420168,
        "r":0.3891891892,
        "f":0.4736842105
      },
      "SKILLS":{
        "p":0.7981826877,
        "r":0.850229241,
        "f":0.8233843118
      },
      "EDUCATION":{
        "p":0.85428051,
        "r":0.8271604938,
        "f":0.8405017921
      },
      "EXPERIENCE":{
        "p":0.898989899,
        "r":0.7478991597,
        "f":0.8165137615
      },
      "SOFT-SKILLS":{
        "p":0.6568627451,
        "r":0.8701298701,
        "f":0.748603352
      },
      "LANGUAGE":{
        "p":0.9757575758,
        "r":0.9817073171,
        "f":0.9787234043
      },
      "RESPONSIBILITY":{
        "p":0.0,
        "r":0.0,
        "f":0.0
      },
      " DEVELOP":{
        "p":0.0,
        "r":0.0,
        "f":0.0
      }
    },
    "tok2vec_loss":750.9974801597,
    "ner_loss":1616.9797363281
  }
}